#,Tema,Tipo,Formato,Tipo de hook,Hook hablado,Texto en pantalla,Concepto / body,CTA (palabra),70/20/10
1,Mi historia,Conexión,Talking head,Curiosidad,Le vendí a un presidente. Esto aprendí de venderle a alguien con mucho más poder que yo.,Le vendí a un presidente,"Historia de esa venta (aclará presidente de qué) + 3 lecciones para venderle a alguien con más estatus: no achicarse, preguntar sin pedir permiso, hablar de su resultado y no de tu servicio. Mucha curiosidad, y la lección sirve para cualquier dueño.",CALL,Probado
2,Mi historia,Conexión,Talking head,Transformación,Me fui a vivir solo a los 17 gracias a vender.,"Solo a los 17, vendiendo","Historia con tensión: por qué te fuiste, el miedo, cómo lo bancaste con ventas. Moraleja: vender es la habilidad que te da libertad. Le pega al deseo de independencia y estilo de vida de tu seguidor.",implícito,Probado
3,Mi historia,Conexión,Talking head,Negativo,En agosto pasé de facturar 15k por mes a casi 0. Esto es lo que aprendí.,De 15k/mes a casi 0,"Historia con tensión: el mes pico, la caída, el punto más bajo y las 3 lecciones. La moraleja apunta al miedo de tu seguidor a estancarse.",implícito,Probado
4,Mi historia,Reputación,Pizarra,Negativo,Los errores que me hicieron pasar de 12.000 a menos de 3.000 USD por mes.,Errores que me costaron 9.000 USD/mes,Cada error y cómo evitarlo. Mezcla conexión (vulnerabilidad) con reputación (lección accionable).,30K,Probado
5,Mi historia,Reputación,Talking head,Transformación,Tengo 18 años y hice 18.000 dólares en un mes closeando. Estas son 3 cosas que hago que nadie hace.,"18 años, 18.000 USD en un mes",Tres hábitos llevados al extremo (fuente 3 del proceso). Tu edad es la curiosidad; los hábitos son el valor.,CALL,Probado
6,Mi historia,Conexión,Talking head,Transformación,A los 15 editaba videos. A los 18 pasé de vendedor a director comercial. Así pasó.,De editor a director comercial,Historia de origen: editor → guionista → closer → director. Ideal para dejar fijado en el perfil.,implícito,Probado
7,Mi historia,Conexión,Sketch / talking head,Curiosidad,Lo que me dicen los dueños cuando se enteran de que un pibe de 18 les va a dirigir el equipo de ventas.,'¿Vos tenés 18?',Humor más la objeción de autoridad: cómo te ganás el respeto (con números y no con la edad). Tu personaje en estado puro.,implícito,Arriesgado
8,Contratar vendedores,Reputación,Pizarra,Negativo,"Si contrataste un closer y no vendió, el problema casi nunca fue el closer.",Lo que hago las primeras 72hs con un closer nuevo,Día 1: escucha 10 llamadas grabadas y anota cada objeción. Día 2: role play con las 5 objeciones que más se repiten. Día 3: hace una llamada conmigo en silencio y le doy feedback apenas corta. Sale del ejemplo del doc: 'las primeras 72hs' en vez de '5 claves para contratar'.,72,Probado
9,Contratar vendedores,Reputación,Talking head,Curiosidad,Antes de contratar un closer le mando un audio de un lead real. La mayoría queda afuera ahí.,La prueba que filtra closers en 10 minutos,"La prueba: le paso el audio de un lead con una objeción y le pido que responda por audio como si fuera la llamada. Mide escucha y preguntas, no carisma. Los 3 errores que más se ven al responder.",TEST,Probado
10,Contratar vendedores,Reputación,Pizarra,Promesa,"Si facturás 5k por mes, tu primera contratación no tiene que ser un closer.",Qué contratar en cada etapa: de 5k a 30k,"Mapa por facturación: 5k → setter (vos seguís cerrando), 10k → closer, 20k → segundo closer + alguien que mida, 30k → head of sales. Por qué cada salto, en ese orden.",30K,Probado
11,Contratar vendedores,Reputación,Talking head,Desafío creencia,Nunca contrato al closer que mejor habla en la entrevista.,El que mejor habla en la entrevista habla de más en la llamada,"Las 3 señales que busco en una entrevista: cuántas preguntas me hace a mí, si pide ver métricas y si pregunta qué tipo de lead le va a llegar.",TEST,Probado
12,Contratar vendedores,Reputación,Pizarra,Negativo,"Si tu closer nuevo hace alguna de estas 3 cosas la primera semana, sacalo.",3 red flags en los primeros 7 días,"No escucha las grabaciones que le pasaste, no carga el CRM el mismo día y culpa a la calidad de los leads antes de la llamada 10. Qué hacer con cada una antes de echarlo.",72,Probado
13,Contratar vendedores,Reputación,Talking head,Desafío creencia,'No hay buenos vendedores' es lo que más escucho de dueños que facturan 10k. Y es mentira.,El problema no es el vendedor,"Los buenos existen, pero les das leads fríos, sin guion, sin feedback y con comisiones bajas. Checklist de 4 cosas que tenés que tener ANTES de contratar. Atacás directo la creencia de tu cliente ideal. (Referencia: @tiffanyhighofficial, 'companies are quick to blame employees', 898k).",30K,Adyacente
14,Contratar vendedores,Reputación,Pizarra,Transformación,Con Flavio Calvo arrancamos de 0 en ventas y llegamos a un mes de 12.000 USD. Lo primero que cambiamos no fue el vendedor.,0 → 12.000 USD/mes: lo primero que tocamos,"Caso real paso a paso: qué había, qué cambiaste primero, segundo y tercero. Solo con lo que pasó de verdad, sin inflar números.",30K,Probado
15,Contratar vendedores,Reputación,Pantalla dividida,Curiosidad,Así es el aviso que uso para buscar closers. Tiene una trampa escondida.,El aviso que filtra solo,"Mostrás el aviso real. La trampa: 'si leíste hasta acá, empezá tu mensaje con la palabra X'. Filtra a quien no lee, igual que un closer que no escucha. Requisitos y preguntas del formulario.",TEST,Adyacente
16,Contratar vendedores,Reputación,Conversación 45°,Curiosidad,Le hice de lead imposible a un candidato a setter. Mirá cómo responde.,Entrevista a un setter EN VIVO,"Role play real: vos sos un lead difícil por DM o audio. Pausás en cada respuesta y explicás qué está bien y qué no. El valor está repartido en todo el video, así que se mira entero.",SET,Adyacente
17,Dirigir el equipo,Reputación,Pizarra,Curiosidad,Todos los días tengo 15 minutos con mis closers y es lo que más ventas nos da.,La reunión diaria de 15 minutos,"Estructura: números de ayer (agendas, asistencia, cierres) → 3 minutos de una llamada escuchada entre todos → role play de la objeción del día → compromiso numérico de hoy.",KPI,Probado
18,Dirigir el equipo,Reputación,Pizarra,Negativo,"Si no escuchás las llamadas de tu closer, no tenés un equipo de ventas. Tenés una lotería.",Cómo audito una llamada en 10 minutos,"A 2x, salto directo al descubrimiento y al momento del precio, y la puntúo con 3 preguntas: ¿encontró el dolor real?, ¿generó urgencia?, ¿pidió la venta?",IA,Probado
19,Dirigir el equipo,Reputación,Pantalla dividida,Curiosidad,Uso la IA para corregir las llamadas de mis vendedores y me ahorra horas por semana.,Mi prompt para auditar llamadas de venta,"Transcripción de Fathom → prompt con una escala del 1 al 10 (descubrimiento, dolor, urgencia, objeciones, cierre) → devolución lista para mandar al closer. Lo mostrás en pantalla.",IA,Adyacente
20,Dirigir el equipo,Reputación,Talking head,Enemigo,El role play como lo hace todo el mundo no sirve para nada.,Role play que sí mejora el cierre,"Usá objeciones reales de las llamadas perdidas de esa semana, y que haga de lead el closer que mejor cerró. 3 reglas para que no sea teatro.",ROL,Probado
21,Dirigir el equipo,Reputación,Talking head,Negativo,"Si tu reunión semanal de ventas arranca con '¿cómo están, chicos?', ya perdiste 20 minutos.",Reunión semanal de 30 min (estructura),Números contra la meta → la llamada ganadora de la semana → la perdida → un compromiso numérico por persona. Nada más.,KPI,Probado
22,Dirigir el equipo,Reputación,Talking head,Curiosidad,Cómo le doy feedback a un closer sin que se ponga a la defensiva.,1 cosa bien + 1 cosa a cambiar,"La regla: una cosa que hizo bien, UNA sola a cambiar y practicarla en el momento. Por qué una lista de 10 errores no cambia nada.",ROL,Probado
23,Dirigir el equipo,Reputación,Talking head,Desafío creencia,Echar rápido a un vendedor es lo más amable que podés hacer.,¿Lo echás o le das otra chance?,"El criterio objetivo: 3 semanas por debajo de la métrica, con entrenamiento dado → afuera. Cuánto te cuesta en leads quemados mantenerlo. Cerrá con 'comentá ECHAR u OTRA' para que la gente opine. (Formato opinión polémica, referencia @zerodollarcoach, 4.5M).",implícito,Arriesgado
24,Dirigir el equipo,Reputación,Pantalla dividida,Curiosidad,Mis closers tienen un manual en Notion y por eso venden sin preguntarme nada.,El manual de ventas de mi equipo,"Recorrés las secciones: guion, banco de objeciones, mensajes de seguimiento, llamadas ganadoras grabadas y métricas. Por qué hace que el dueño deje de ser imprescindible.",ROL,Probado
25,Dirigir el equipo,Reputación,Pizarra,Negativo,Tu closer no tiene un problema de motivación. Tiene un problema de leads.,"Antes de culpar al closer, mirá esto","Árbol de diagnóstico: agendas → asistencia → % calificados → cierre. Dónde se corta y qué significa cada corte. Tiene varios pasos, así que se guarda.",KPI,Probado
26,Dirigir el equipo,Reputación,Talking head,Promesa,"Si tenés setter y closer, hacé esto los viernes y el lunes arrancan con la agenda llena.",El ritual de los viernes,Cada viernes se recontacta a todos los que dijeron 'la semana que viene' y se les ofrece lunes o martes. El mensaje exacto.,FUP,Probado
27,Dirigir el equipo,Reputación,Pizarra,Promesa,Así entreno en 30 días a un closer que nunca vendió.,De 0 a closer en 4 semanas,"Semana 1: escuchar y escribir. Semana 2: role play diario. Semana 3: llamadas acompañado. Semana 4: solo, con revisión de cada llamada. Qué tiene que pasar para avanzar de semana.",72,Probado
28,Dirigir el equipo,Conexión,Raw selfie / vlog,Curiosidad,Me alquilé una casa de 1 millón de dólares para mí y mi equipo de ventas. Te muestro por qué.,Casa de 1M USD para el equipo,"Recorrida por la casa, donde cada ambiente es una decisión de dirección comercial: dónde se hace la reunión diaria, el cuarto de llamadas, el pizarrón de métricas. Es lifestyle con aprendizaje. Para pasar el filtro del millón, el foco tiene que estar en el equipo y no en el lujo.",implícito,Arriesgado
29,Comisiones,Reputación,Pizarra,Negativo,"Si tu closer cobra un fijo alto y poca comisión, le estás pagando para que no venda.",Cómo pagarle a un closer,"Esquema recomendado: % sobre lo cobrado (no sobre lo vendido), escalonado por meta, más un bono por pasar la meta. Ejemplo con números.",PAGO,Probado
30,Comisiones,Reputación,Talking head,Curiosidad,"A mi setter le pago por cada agenda que se presenta, no por cada agenda que consigue.",Cambiá UNA cosa en el pago del setter,Cómo el incentivo cambia el comportamiento: deja de agendar a cualquiera y sube la asistencia. Cómo implementarlo sin que renuncie.,PAGO,Adyacente
31,Comisiones,Reputación,Talking head,Negativo,Pagar comisión sobre lo vendido y no sobre lo cobrado es la forma más rápida de fundirte.,Vendido ≠ cobrado,"Cuotas, reembolsos y pagos que nunca entran. Ejemplo de mes 'récord' que en realidad te hizo perder plata. Cómo armar la regla de comisión.",PAGO,Probado
32,Comisiones,Reputación,Pizarra,Promesa,Cuánto pagarle a un closer si facturás 10k por mes.,Tabla de comisiones por facturación,"Tabla concreta para 5k, 10k y 20k: % del closer, % del setter, fijo sí o no. Es una búsqueda real del dueño, así que se guarda.",PAGO,Probado
33,Comisiones,Reputación,Talking head,Curiosidad,Yo solo cobro si mi cliente factura. Y te conviene buscar gente que trabaje así.,Trabajar a resultados,Explicás el modelo de asociación: por qué alinea incentivos y qué le exigís al cliente a cambio. Posiciona tu oferta sin venderla directo.,30K,Probado
34,Métricas,Reputación,Pizarra,Curiosidad,Las únicas 5 métricas de ventas que miro todas las noches.,Mis 5 números antes de dormir,"Agendas, asistencia, cierre sobre calificados, ticket promedio y lo que efectivamente se cobró. Qué hago si cae cada una.",KPI,Probado
35,Métricas,Reputación,Pizarra,Negativo,"Si no sabés qué porcentaje de tus agendas se presenta, no sabés por qué no vendés.",Cómo subir la asistencia a las llamadas,"Cómo calcular la asistencia + 3 acciones: audio de confirmación 24hs antes, video corto con un caso y recordatorio 1h antes.",SHOW,Probado
36,Métricas,Reputación,Pizarra,Promesa,"Si tenés 20 llamadas por mes y facturás 5k, no necesitás más leads.",La cuenta que nadie hace,"Cuenta en la pizarra: subir el cierre del 15 al 25% o el ticket de 1.000 a 1.500 contra duplicar leads. Cuál es más barato. Hipotético, aclarado como ejemplo.",30K,Probado
37,Métricas,Reputación,Pizarra,Curiosidad,Hice la cuenta de cuánto te cuesta cada lead que no se presenta a la llamada.,El costo real de un 'no-show',"Costo de contenido/ads/setter dividido por las agendas que aparecen. Cuando lo ves en plata, cambiás todo el proceso de confirmación.",SHOW,Adyacente
38,Métricas,Reputación,Talking head,Desafío creencia,Facturar 10k y cobrar 4k no es facturar 10k.,Vendido vs. cobrado,Por qué tenés que mirar lo cobrado y no lo facturado. Cómo cambiar las opciones de pago para cobrar más por adelantado.,KPI,Adyacente
39,Métricas,Reputación,Pizarra,Negativo,"Si solo mirás tu tasa de cierre, te está mintiendo.",Cierre total vs. cierre sobre calificados,"Mismo closer, dos números distintos. Cuál indica un problema del closer y cuál un problema de setting o de contenido.",KPI,Probado
40,Métricas,Reputación,Pantalla dividida,Curiosidad,Este es el tablero que miro todas las noches antes de dormir.,Mi tablero de ventas,"Mostrás tu tablero real (sin datos sensibles): qué columnas tiene, cómo se carga y qué decisión tomás con cada número.",KPI,Adyacente
41,Métricas,Reputación,Pizarra,Promesa,Subir el ticket promedio es la forma más rápida de pasar de 10k a 20k sin un lead más.,3 formas de subir el ticket,"Bonus por pago completo en vez de descuento, ofrecer el plan más alto primero y una ampliación en la llamada. Cuándo usar cada una.",30K,Probado
42,Métricas,Reputación,Talking head,Desafío creencia,Más leads no te van a sacar de los 10k por mes.,La fuga está en el embudo,"Checklist de dónde se pierde la plata: respuesta tardía, agendas sin calificar, inasistencias, cero seguimiento. Antes de pedir más leads, tapá esto.",30K,Probado
43,Llamada de venta,Reputación,Talking head,Curiosidad,"Si tu lead te pregunta el precio en el minuto 2, no se lo digas. Decí esto.",Qué responder cuando te piden el precio al toque,"Frase exacta para postergar el precio sin parecer escurridizo, y por qué el precio sin contexto siempre parece caro.",CALL,Probado
44,Llamada de venta,Reputación,Talking head,Curiosidad,Hay una pregunta que hago en todas mis llamadas y cambia todo: ¿por qué ahora?,La pregunta que genera urgencia,"Por qué '¿por qué ahora?' destapa la urgencia real, qué hacer con cada tipo de respuesta y cómo usarla después en el cierre.",CALL,Probado
45,Llamada de venta,Reputación,Talking head,Negativo,'Lo tengo que hablar con mi pareja' no es una objeción. Es un error tuyo de los primeros 5 minutos.,Prevenir la objeción del decisor,Cómo calificar quién decide al principio de la llamada: la pregunta exacta y qué hacer si no está el que decide.,ROL,Probado
46,Llamada de venta,Reputación,Talking head,Curiosidad,Así respondo 'lo tengo que pensar' sin presionar a nadie.,'Lo tengo que pensar' → respuesta,"La frase + 2 preguntas para descubrir la objeción real (precio, confianza, tiempo) y cómo seguir según cuál sea.",ROL,Probado
47,Llamada de venta,Reputación,Pizarra,Enemigo,Dejá de romper el hielo hablando del clima en tu llamada de venta.,Los primeros 60 segundos,"Marco de la llamada: tiempo, objetivo y que al final se decide sí o no. Por qué esto baja los 'lo tengo que pensar'.",CALL,Probado
48,Llamada de venta,Reputación,Pizarra,Transformación,Vendí más de 1 millón de dólares el último año como closer. Estas son las 3 cosas que hago distinto.,+1M USD vendidos: 3 cosas,"Tres prácticas concretas tuyas, cada una con un ejemplo de llamada. Es fuente 3 del proceso: algo que hacés llevado al extremo.",CALL,Probado
49,Llamada de venta,Reputación,Pantalla dividida,Negativo,"Si en la llamada hablás más que tu lead, perdiste.",Mirá este número en Fathom,Mostrás en Fathom cuánto habló cada uno en una llamada ganada y en una perdida. Cómo usarlo para entrenar a tus closers.,IA,Adyacente
50,Llamada de venta,Reputación,Reacción,Curiosidad,Reaccionando a una llamada de venta que perdí. Te muestro el minuto exacto en que se cayó.,Analizo mi propia llamada perdida,Reaccionás a tu grabación (audio anonimizado y con permiso). Pausás en los momentos clave. Mucha retención porque el desenlace llega al final.,CALL,Adyacente
51,Llamada de venta,Reputación,Pizarra,Curiosidad,Hago que el lead me diga cuánto le cuesta su problema antes de decirle mi precio.,Cuantificar el problema,"Las 3 preguntas para que el lead diga en números cuánto pierde por mes. Después tu precio se compara con eso, no con 'nada'.",CALL,Probado
52,Llamada de venta,Reputación,Talking head,Negativo,"Si tu closer dice 'te mando la propuesta por WhatsApp', ya perdió la venta.",Cerrá en la llamada,"Por qué la propuesta después de la llamada mata la venta y cómo cerrar en vivo, con el link de pago y los pasos siguientes.",CALL,Probado
53,Llamada de venta,Reputación,Pizarra,Promesa,"Si sos dueño y todavía hacés tus llamadas de venta, usá esta estructura de 5 partes.",Llamada de venta en 5 partes,Marco → situación actual → resultado deseado y costo del problema → presentación de la solución → cierre. Una pregunta clave por parte.,CALL,Probado
54,Llamada de venta,Reputación,Talking head,Curiosidad,La frase que uso cuando un lead me dice 'es caro'.,'Es caro' → respuesta,La frase exacta + cómo separar 'no lo tengo' de 'no lo vale'. Cuándo ofrecer opciones de pago y cuándo no.,ROL,Probado
55,Llamada de venta,Reputación,Pizarra,Desafío creencia,Las objeciones no se rebaten. Se previenen.,Mapa de objeciones,"Cada objeción (precio, pareja, tiempo, confianza) → en qué parte del descubrimiento se previene y con qué pregunta. Muy guardable.",ROL,Probado
56,Llamada de venta,Conexión,Sketch,Curiosidad,Tipos de leads en una llamada de venta (esperá al último).,Tipos de leads,"Sketch actuado con humor: el que pregunta el precio al toque, el 'lo hablo con mi socio', el que te cuenta su vida. Remate con cómo cerrar al último. (Referencia: @1realramon, skits 'Esperá al final', 1M+).",implícito,Arriesgado
57,Setting y DMs,Reputación,Pantalla dividida,Negativo,"Si tu setter arranca los DMs con 'Hola, ¿cómo estás?', está quemando leads.",El primer mensaje según de dónde viene el lead,"Tres primeros mensajes según el origen: comentó la palabra clave, respondió una historia o te empezó a seguir. Con chats reales.",SET,Probado
58,Setting y DMs,Reputación,Talking head,Curiosidad,Mando un audio de 30 segundos antes de pasar el link de agenda y se presenta mucha más gente.,El audio antes de la agenda,Estructura del audio: nombre + algo puntual de su mensaje + qué va a pasar en la llamada. Por qué el audio genera compromiso.,SHOW,Adyacente
59,Setting y DMs,Reputación,Pantalla dividida,Promesa,"Si te comentan la palabra clave y solo mandás el PDF, estás regalando ventas.",Qué mandar DESPUÉS del PDF,Secuencia: PDF + pregunta de calificación + seguimiento a las 24hs + invitación a la llamada. Mensajes exactos.,SET,Probado
60,Setting y DMs,Reputación,Talking head,Curiosidad,Las 3 preguntas que usa mi setter para saber si alguien factura 5k sin preguntárselo directo.,Calificar sin interrogar,"Tres preguntas indirectas (equipo, de dónde vienen sus clientes, qué ya probó) y qué respuesta califica.",SET,Probado
61,Setting y DMs,Reputación,Pizarra,Negativo,Agendar a todo el mundo es la forma más rápida de quemar a tu closer.,Quién NO entra a la llamada,"Criterios mínimos de calificación y qué hacer con los que no califican: contenido, recurso gratis o producto barato.",SET,Probado
62,Setting y DMs,Reputación,Reacción,Negativo,Reaccionando a los mensajes de prospección que me llegan a mí.,Puntúo DMs de prospección,Reacción con humor a mensajes reales (anonimizados): qué está mal y cómo lo reescribirías. Entretiene y educa.,SET,Arriesgado
63,Setting y DMs,Reputación,Talking head,Enemigo,"Si seguís usando ManyChat para responder todo en 2026, estás perdiendo conversaciones.","Automatizá la entrega, no la charla","Usá ManyChat para entregar el recurso, pero que la conversación la siga un humano con 3 preguntas. Hook validado del doc (enemigo).",SET,Probado
64,Setting y DMs,Reputación,Pantalla dividida,Curiosidad,Así convierto a alguien que respondió una historia en una llamada agendada en 5 mensajes.,De respuesta a agenda en 5 mensajes,"Chat real, mensaje por mensaje, explicando el objetivo de cada uno.",SET,Probado
65,Seguimientos,Reputación,Pizarra,Negativo,"Si no hacés seguimiento después de la llamada, estás dejando plata arriba de la mesa.","Cadencia de seguimiento: días 1, 3, 7 y 14","Qué mandar cada día: resumen de la llamada, un caso parecido, un audio personal y la pregunta de cierre. Tiene varios pasos, así que se guarda.",FUP,Probado
66,Seguimientos,Reputación,Talking head,Curiosidad,Este es el mensaje de seguimiento que más me responden.,El mensaje que más me responden,"Tu mensaje real (por ejemplo: '¿lo cerramos o lo soltamos?'), por qué funciona psicológicamente y cuándo usarlo.",FUP,Probado
67,Seguimientos,Reputación,Talking head,Negativo,'¿Pudiste pensarlo?' es el peor mensaje de seguimiento que existe.,3 seguimientos que sí responden,Alternativas que aportan algo puntual de lo que se habló en la llamada en vez de pedir una respuesta.,FUP,Probado
68,Seguimientos,Reputación,Pizarra,Promesa,Hacé esto 24 horas antes de la llamada y vas a ver cómo bajan los que faltan.,Protocolo anti-inasistencias,"Audio personal, video de 60 segundos con un caso y una pregunta que obliga a responder. Una hora antes, un recordatorio.",SHOW,Probado
69,Seguimientos,Reputación,Talking head,Curiosidad,Qué hago cuando un lead no se presenta a la llamada. El mensaje exacto.,Lead que faltó → mensaje,"Cómo reagendar sin rogar ni perder autoridad, y cuándo darlo por perdido.",SHOW,Probado
70,Seguimientos,Reputación,Talking head,Desafío creencia,Dejar a un lead 'en seguimiento' a veces es la peor decisión que podés tomar.,¿Seguimiento o cierre en la llamada?,"Criterios para decidir si cerrar en la llamada, dejar en seguimiento o soltar. Con ejemplos de cada caso.",FUP,Adyacente
71,Seguimientos,Reputación,Pantalla dividida,Curiosidad,Así organizo 100 leads en seguimiento sin que se me escape ninguno.,Mi CRM de seguimientos,"Mostrás el CRM o planilla: columnas, etapas, fecha del próximo contacto y la rutina diaria.",FUP,Adyacente
72,Sistema de adquisición,Reputación,Pizarra,Desafío creencia,No existe un sistema de ventas que funcione en todos los nichos. Lo aprendí trabajando con más de 10.,Psicología ≠ fitness ≠ trading ≠ B2B,Qué canal y qué tipo de llamada funciona en cada nicho y por qué. Es tu pilar 1 (sistema de adquisición personalizado).,30K,Probado
73,Sistema de adquisición,Reputación,Talking head,Transformación,Hicimos videos con más de 12 millones de visitas y aprendí que las views no pagan las cuentas.,12M de views ≠ ventas,"Caso Coral Mujas: qué conecta el contenido con la llamada (palabra clave, recurso gratis, setting). Sin eso, las views no sirven.",30K,Adyacente
74,Sistema de adquisición,Reputación,Pantalla dividida,Curiosidad,Estas son las 3 historias que suben mis clientes cuando necesitan llenar la agenda.,3 historias que llenan la agenda,Mostrás una secuencia real de 3 historias con estructura probada (GRATIS / van a odiarme por esto / carpeta de recursos).,HIST,Probado
75,Sistema de adquisición,Reputación,Pizarra,Negativo,"Si tu contenido tiene views y nadie te escribe, te falta esto.",Views sin mensajes = falta el puente,"El llamado a la acción con palabra clave y recurso gratis, explícito o en la descripción, y cómo elegir cuál según el formato.",HIST,Probado
76,Sistema de adquisición,Reputación,Pizarra,Promesa,"Si tenés 3.000 seguidores, ya tenés suficiente para facturar 10k por mes.",La cuenta de 3.000 seguidores,Cuenta: views de historias → respuestas → agendas → cierres con ticket high ticket. Va contra la creencia de 'necesito más seguidores'.,30K,Adyacente
77,Sistema de adquisición,Reputación,Pizarra,Curiosidad,Así es el embudo de un negocio de servicios que factura 30k por mes desde Instagram.,Embudo de 30k/mes dibujado,"Dibujás el embudo completo con números de ejemplo, aclarando que son ilustrativos. Muy guardable.",30K,Probado
78,Sistema de adquisición,Reputación,Pantalla dividida,Curiosidad,Prospección en frío por Instagram en 2026: lo que funciona y lo que te bloquea la cuenta.,Prospección en frío sin que te bloqueen,"Límites diarios, cómo calentar el contacto antes de escribir y el primer mensaje. Mostrado en pantalla.",SET,Probado
79,Sistema de adquisición,Reputación,Pantalla dividida,Desafío creencia,Tu landing no vende. Tu llamada sí.,La landing mínima para high ticket,Para servicios high ticket: video corto + formulario con 4 preguntas que califican. Qué preguntar.,30K,Probado
80,Sistema de adquisición,Reputación,Pantalla dividida,Curiosidad,Pasé 20 llamadas de venta a la IA y le pedí las palabras exactas que usan mis leads. Ahora vendo con eso.,Tus leads te escriben el guion,"El proceso: transcribir las llamadas → prompt 'voz del nicho' → lista de dolores con sus palabras textuales → usarlas en el contenido, el setting y el cierre. Sale del playbook de ángulos ganadores.",IA,Adyacente
81,Dueño cuello de botella,Reputación,Talking head,Desafío creencia,Como vendedor hice 18.000 dólares en un mes. Más que la mayoría de los que tienen negocio propio.,Vendedor > dueño (a veces),"Desafío al dueño: si tu vendedor puede ganar más que vos, el problema no es el vendedor, es el sistema. Qué tiene que cambiar para que tu negocio deje más que un sueldo de closer.",30K,Probado
82,Dueño cuello de botella,Reputación,Pizarra,Transformación,Facturé 18.000 dólares en un mes trabajando menos de 8 horas por día. Así organizo la agenda.,18k/mes en menos de 8hs/día,"Tu agenda en bloques (llamadas, dirección, operativo, métricas) y las 3 reglas que la protegen. Engancha el deseo de tiempo y familia del dueño que labura 12 horas.",KPI,Probado
83,Dueño cuello de botella,Reputación,Pizarra,Negativo,"Si hacés las llamadas, entregás el servicio y hacés el contenido, no tenés un negocio. Tenés un trabajo.",Qué delegar primero,"Lista de tareas cruzando horas y valor: qué delegar primero, qué segundo y qué nunca.",30K,Probado
84,Dueño cuello de botella,Reputación,Pizarra,Curiosidad,Hice la cuenta de cuánto vale una hora tuya si facturás 10k por mes.,Tu hora vale X. ¿Por qué hacés esto?,"Cuenta del valor por hora y lista de tareas que, con ese valor, no deberías hacer más (empezando por el setting).",30K,Adyacente
85,Dueño cuello de botella,Reputación,Talking head,Promesa,"Si facturás 10k y trabajás 12 horas por día, delegar las ventas te devuelve más tiempo que cualquier otra cosa.",Más tiempo con tu familia empieza en ventas,Por qué las ventas son lo primero que conviene delegar (y no la entrega). Engancha el deseo de tener tiempo y familia.,30K,Probado
86,Dueño cuello de botella,Conexión,Raw selfie / vlog,Curiosidad,Hice 18.000 dólares en un mes desde la escuela. Así es un día mío.,18k/mes yendo al colegio,"Un día en tu vida: caminata → llamadas de dirección → colegio → tareas → métricas a la noche. Cada parte con un aprendizaje. (Referencia: @bray_closes, 'come with me to sell 4.5k in a day', 900k).",implícito,Adyacente
87,Dueño cuello de botella,Reputación,Pizarra,Curiosidad,El test de una semana para saber si sos el cuello de botella de tu negocio.,¿Sos el cuello de botella? (test),Anotá cada tarea durante 7 días en 3 columnas (solo yo / otro con entrenamiento / no debería existir). Cómo leer el resultado.,30K,Adyacente
88,Dueño cuello de botella,Reputación,Talking head,Desafío creencia,Escalar a 30k no es trabajar más. Es dejar de hacer lo que te hizo llegar a 10k.,Lo que te trajo hasta acá no te lleva a 30k,"Las 3 cosas que hiciste para llegar a 10k y que a partir de ahí te frenan (cerrar vos, responder todo, entregar todo).",30K,Probado
89,Dueño cuello de botella,Reputación,Talking head,Negativo,El dueño que quiere controlar todas las llamadas nunca pasa de 10k.,"Controlá números, no llamadas","Qué controlar (métricas semanales, auditoría de 2 llamadas) y qué soltar.",KPI,Probado
90,Dueño cuello de botella,Conexión,Talking head,Transformación,A los 16 me saturé tanto de trabajo que casi dejo todo.,Casi dejo todo a los 16,"Historia con tensión creciente: qué pasó, el punto más bajo y qué cambió (sistema, no más horas). La moraleja es para el dueño saturado.",implícito,Probado
91,Cursos vs. implementación,Reputación,Talking head,Desafío creencia,"Si tenés un negocio que ya factura, no pagues un curso de ventas.",No necesitás otro curso,El curso te da información; lo que falta es implementación y alguien que dirija. Qué hacer en su lugar. Es tu opinión en contra del nicho.,30K,Probado
92,Cursos vs. implementación,Reputación,Talking head,Transformación,Este año gasté más de 15.000 USD en cursos y consultorías. Esto es lo único que valió la pena.,+15.000 USD en cursos: ranking,"Ranking de qué te sirvió y qué no, sin nombrar a nadie para mal. Lo que aprendiste de cada inversión.",implícito,Adyacente
93,Cursos vs. implementación,Reputación,Talking head,Enemigo,Los que venden cursos de ventas van a odiarme por esto.,Lo que no te dicen en los cursos de ventas,"Estructura del doc 'van a odiarme por esto': la verdad incómoda (enseñan a cerrar, no a dirigir) y qué necesitás de verdad. Sin nombres.",30K,Probado
94,Cursos vs. implementación,Reputación,Reacción,Negativo,Reaccionando a consejos de ventas de gurúes de Instagram.,¿Sirve o es humo?,Reacción a 3 o 4 consejos virales con tu veredicto y por qué. Polémica sana y entretenida.,ROL,Arriesgado
95,Cursos vs. implementación,Reputación,Talking head,Curiosidad,Lo que ningún curso de closer te enseña: cómo vender en tu sexta llamada del día.,La llamada 6 del día,"Cómo manejar la energía entre llamadas, la rutina de 5 minutos entre una y otra y el orden en que agendar. Es una pequeña victoria muy concreta.",CALL,Probado
96,Cursos vs. implementación,Reputación,Pizarra,Negativo,Comprar otro curso caro no te va a destrabar.,Lo que sí te destraba,Atacás la creencia limitante de tu cliente ideal: diagnóstico del embudo + alguien que dirija + seguimiento semanal de números.,30K,Probado
97,Cursos vs. implementación,Reputación,Talking head,Desafío creencia,Saber vender no es lo mismo que saber dirigir vendedores.,Closer ≠ director comercial,Las 4 habilidades distintas de cada rol y por qué el mejor closer suele ser un mal jefe de ventas.,30K,Probado
98,Cursos vs. implementación,Reputación,Talking head,Enemigo,En un solo mes hice 3 veces más plata cerrando ventas que un conocido vendedor de cursos. Y no te vendo ningún curso.,x3 cerrando ventas. Sin curso.,"Comparación provocadora: cerrar ventas te da más que vender cursos sobre ventas, y qué hacés vos que no se enseña. OJO: si nombrás a Tino Mossu directamente, el video va a traer polémica y comentarios en contra. Te recomiendo no nombrarlo y dejar que la audiencia se lo imagine.",30K,Arriesgado
99,Reacciones,Reputación,Reacción,Enemigo,'Véndeme esta lapicera' no sirve para vender un servicio de 3.000 dólares.,El lobo de Wall Street vs. high ticket hoy,"Reaccionás a la escena: qué rescatás y qué no sirve para servicios high ticket en 2026. Tema muy amplio, con riesgo de atraer audiencia que no compra (filtro del millón).",CALL,Arriesgado
100,Reacciones,Reputación,Pantalla dividida,Curiosidad,Le pasé mi guion de ventas a la IA y le pedí que me haga de lead difícil.,Role play con IA,Mostrás la conversación con la IA haciendo de lead y cómo la usan tus closers para practicar solos.,IA,Arriesgado
